,total_messages,user_messages,assistant_messages,user_ratio
total_messages,1.0,0.999988107627415,0.9999881060085019,-0.028922103962058958
user_messages,0.999988107627415,1.0,0.9999524275548147,-0.025174492342504746
assistant_messages,0.9999881060085019,0.9999524275548147,1.0,-0.0326692826775671
user_ratio,-0.028922103962058958,-0.025174492342504746,-0.0326692826775671,1.0
